error,language,ocr_cer,ocr_latency_ms,pipeline,profile_key,recognized,reference,sample_index,source,status,target_language,total_latency_ms,translated,translation_chrf,translation_latency_ms
,zh-CN,0.03571428571428571,2292.733300000691,ocr_translation,aliyun:阿里通用:general,卡米尔·圣桑 (Camille Saint-Saens) 创作的法国歌剧讲述的是名艺术家的故事“他一生沉迷于毒品和对日本的热爱” 1,"The story presented in the French opera, by Camille Saint-Saens, is of an artist ""whose life is dictated by a love for drugs and Japan.""",189,卡米尔·圣桑 (Camille Saint-Saens) 创作的法国歌剧讲述的是一名艺术家的故事，“他一生沉迷于毒品和对日本的热爱”。,ok,en,2858.8073999999324,"The French opera by Camille Saint-Saën (Camille Saint-Saens) tells the story of the famous artist ""His lifelong addiction to drugs and his love of Japan"" 1",46.3384112060492,566.0740999992413
,zh-CN,0.0,820.1791000028607,ocr_translation,aliyun:阿里通用:general,事故发生的道路暂时封闭，紧急救援人员将司机从红色奥迪 TT 中救了出来。,The road where the crash happened was temporarily closed while emergency services freed the driver from the red Audi TT.,283,事故发生的道路暂时封闭，紧急救援人员将司机从红色奥迪 TT 中救了出来。,ok,en,1277.6642000026186,"The road where the accident occurred has been temporarily closed, and emergency responders rescued the driver from the red Audi TT.",63.22948756723255,457.48509999975795
,zh-CN,0.0,1035.5440999992425,ocr_translation,aliyun:阿里通用:general,另一个不同之处在于，穷人和女人坐在椅子上吃饭，富人则喜欢聚在一起举行宴会，侧卧着吃饭。,"Another difference was that while the poor people and the woman ate their food while sitting in chairs, the rich men liked to have banquets together where they would lounge on their sides while they ate their meals.",386,另一个不同之处在于，穷人和女人坐在椅子上吃饭，富人则喜欢聚在一起举行宴会，侧卧着吃饭。,ok,en,1327.6046999963,"Another difference lies in the fact that the poor and women ate seated on chairs, while the wealthy preferred to gather for banquets, dining reclined on their sides.",38.379081493128105,292.0605999970576
,zh-CN,0.0,628.2562999986112,ocr_translation,aliyun:阿里通用:general,诺曼底登陆和随后的战斗解放了法国北部，但南部仍然没有解放,"The D-Day landings and the following battles had freed the north of France, but the south still wasn't free.",406,诺曼底登陆和随后的战斗解放了法国北部，但南部仍然没有解放。,ok,en,996.5717999984918,"The Normandy landings and subsequent fighting liberated northern France, but the south remained unliberated.",39.15937829180252,368.31549999988056
,zh-CN,0.0,882.745499999146,ocr_translation,aliyun:阿里通用:general,少数民族文化常常没有留下相关的历史证据就消失无踪，而且不被当做是像样的文明。,Minor cultures often vanish without leaving relevant historic evidence and fail to be recognized as proper civilizations.,413,少数民族文化常常没有留下相关的历史证据就消失无踪，而且不被当做是像样的文明。,ok,en,1158.5524000001897,"Minority cultures often vanish without leaving behind any historical evidence, and they are frequently not regarded as legitimate civilizations.",54.71803733372097,275.8069000010437
,zh-CN,0.0,585.1958999992348,ocr_translation,aliyun:阿里通用:general,亚马逊河占全世界所有河流的入海流量的20%。,A full 20 percent of the water that pours out of the planet's rivers into the oceans comes from the Amazon.,627,亚马逊河占全世界所有河流的入海流量的 20%。,ok,en,858.6343000024499,The Amazon River accounts for 20 per cent of all the world's rivers.,28.012033012434074,273.43840000321507
,zh-CN,0.0,913.0809999987832,ocr_translation,aliyun:阿里通用:general,这座城市与该国其他城市形成了鲜明对比，因为它更多的是阿拉伯风格，而不是非洲风格。,"The city is in stark contrast to the rest of the country's cities, because it has more of an Arabic flair than of an African.",721,这座城市与该国其他城市形成了鲜明对比，因为它更多的是阿拉伯风格，而不是非洲风格。,ok,en,1082.1279999981925,"This city stands in stark contrast to other cities in the country, as it is more Arab in style than African.",46.46663154472625,169.0469999994093
,zh-CN,0.0,915.5910000008589,ocr_translation,aliyun:阿里通用:general,记住，！虽然主舞台上的音乐可能已经结束，但节日的其他部分可能会一直演奏音乐到深夜。,"Remember that even though music on the main stages may have finished, there may be sections of the festival that will keep playing music until late into the night.",795,记住，虽然主舞台上的音乐可能已经结束，但节日的其他部分可能会一直演奏音乐到深夜。,ok,en,1168.6480000025767,"Remember,! While the music on the main stage may be over, the rest of the festival may be playing into the night.",45.92695681069641,253.05700000171782
,zh-CN,0.0,878.8335000026564,ocr_translation,aliyun:阿里通用:general,埃尔斯沃思地 (Ellsworth Land) 位于该半岛的南部，面朝别林斯高晋海 (Bellingshausen Sea)。,"Ellsworth Land is the region south of the Peninsula, bounded by the Bellingshausen Sea.",906,埃尔斯沃思地 (Ellsworth Land) 位于该半岛的南部，面朝别林斯高晋海 (Bellingshausen Sea)。,ok,en,1159.3435000031604,"Ellsworth Land is located in the southern part of the peninsula, facing the Bellingshausen Sea.",60.140559244789436,280.5100000005041
,zh-CN,0.0,816.2561999997706,ocr_translation,aliyun:阿里通用:general,请确认你打算乘坐的公交车将会进入希伯伦，而不仅仅是去附近的基亚特·阿巴 (Kiryat Arba) 犹太定居点。,Check that the bus you are thinking of taking goes into Hebron and not just to the nearby Jewish settlement of Kiryat Arba.,993,请确认你打算乘坐的公交车将会进入希伯伦，而不仅仅是去附近的基亚特·阿巴 (Kiryat Arba) 犹太定居点。,ok,en,989.666399997077,"Please confirm that the bus you plan to take will actually enter Hebron, and not just head to the nearby Jewish settlement of Kiryat Arba.",62.97377982375488,173.41019999730634
,zh-TW,0.0,1224.293299997953,ocr_translation,aliyun:阿里专业:professional,這部由卡米爾·聖桑 (Camille Saint-Saens) 所寫的法國歌劇·是描述一位「以對毒品和日本的熱愛主宰人生」的藝術家,卡米尔·圣桑 (Camille Saint-Saens) 创作的法国歌剧讲述的是一名艺术家的故事，“他一生沉迷于毒品和对日本的热爱”。,189,這部由卡米爾．聖桑 (Camille Saint-Saens) 所寫的法國歌劇，是描述一位「以對毒品和日本的熱愛主宰人生」的藝術家。,ok,zh-CN,1408.2439999983762,"这部由卡米尔·圣桑 (Camille Saint-Saens) 所写的法国歌剧·是描述一位""以对毒品和日本的热爱主宰人生""的艺术家",54.23328161737182,183.95070000042324
,zh-TW,0.0,820.7174999988638,ocr_translation,aliyun:阿里专业:professional,緊急救難人員將駕駛員從紅色奧迪 TT 中救出來時，發生車禍的路段暫時封閉,事故发生的道路暂时封闭，紧急救援人员将司机从红色奥迪 TT 中救了出来。,283,緊急救難人員將駕駛員從紅色奧迪 TT 中救出來時，發生車禍的路段暫時封閉。,ok,zh-CN,1101.2165999964054,"紧急救难人员将驾驶员从红色奥迪 TT 中救出来时,发生车祸的路段暂时封闭",30.72416398617795,280.49909999754163
,zh-TW,0.0,815.3654000016104,ocr_translation,aliyun:阿里专业:professional,另一個差別是窮人和女人坐在椅子上吃他們的食物時，富有的男人則喜歡一同參加宴席，並在席間側臥享用他們的大餐,另一个不同之处在于，穷人和女人坐在椅子上吃饭，富人则喜欢聚在一起举行宴会，侧卧着吃饭。,386,另一個差別是窮人和女人坐在椅子上吃他們的食物時，富有的男人則喜歡一同參加宴席，並在席間側臥享用他們的大餐。,ok,zh-CN,1073.570100004872,"另一个差别是穷人和女人坐在椅子上吃他们的食物时,富有的男人则喜欢一同参加宴席,并在席间侧卧享用他们的大餐",24.876521389038604,258.2047000032617
,zh-TW,0.0,658.0042999994475,ocr_translation,aliyun:阿里专业:professional,諾曼第登陸與隨後的戰役使法國北部重獲自由，但南部仍未解放,诺曼底登陆和随后的战斗解放了法国北部，但南部仍然没有解放。,406,諾曼第登陸與隨後的戰役使法國北部重獲自由，但南部仍未解放。,ok,zh-CN,838.8818999992509,"诺曼第登陆与随后的战役使法国北部重获自由,但南部仍未解放",19.954495910936316,180.87759999980335
,zh-TW,0.0,844.1801999979361,ocr_translation,aliyun:阿里专业:professional,規模較小的文化往往不留歷史痕跡便消失殆盡，無法被認定為正統文明,少数民族文化常常没有留下相关的历史证据就消失无踪，而且不被当做是像样的文明。,413,規模較小的文化往往不留歷史痕跡便消失殆盡，無法被認定為正統文明。,ok,zh-CN,1122.0128999993904,"规模较小的文化往往不留历史痕迹便消失殆尽,无法被认定为正统文明",7.080588930276253,277.8327000014542
,zh-TW,0.0,618.6807000012777,ocr_translation,aliyun:阿里专业:professional,地球上流入海洋的河水中，有整整 20% 是來自於亞馬遜河,亚马逊河占全世界所有河流的入海流量的 20%。,627,地球上流入海洋的河水中，有整整 20％ 是來自於亞馬遜河。,ok,zh-CN,911.1199000035413,"地球上流入海洋的河水中,有整整 20% 是来自于亚马逊河",13.00186606531962,292.43920000226353
,zh-TW,0.0,792.4286999987089,ocr_translation,aliyun:阿里专业:professional,該城市與國內的其它城市有明顯差異，因為它偏向擁有阿拉伯而不是非洲風格,这座城市与该国其他城市形成了鲜明对比，因为它更多的是阿拉伯风格，而不是非洲风格。,721,該城市與國內的其它城市有明顯差異，因為它偏向擁有阿拉伯而不是非洲風格。,ok,zh-CN,967.2458999993978,"该城市与国内的其它城市有明显差异,因为它偏向拥有阿拉伯而不是非洲风格",20.16015387105693,174.8172000006889
,zh-TW,0.0,787.6871000007668,ocr_translation,aliyun:阿里专业:professional,請記得·就算主舞台的音樂演出結束了，音樂祭其它地方的表演仍有可能持續到深夜,记住，虽然主舞台上的音乐可能已经结束，但节日的其他部分可能会一直演奏音乐到深夜。,795,請記得，就算主舞台的音樂演出結束了，音樂祭其它地方的表演仍有可能持續到深夜。,ok,zh-CN,1065.3517000027932,"请记得·就算主舞台的音乐演出结束了,音乐祭其它地方的表演仍有可能持续到深夜",11.38318075164709,277.6646000020264
,zh-TW,0.0,595.3320999979042,ocr_translation,aliyun:阿里专业:professional,埃爾斯沃思地位於半島南方·以別林斯高晉海為界,埃尔斯沃思地 (Ellsworth Land) 位于该半岛的南部，面朝别林斯高晋海 (Bellingshausen Sea)。,906,埃爾斯沃思地位於半島南方，以別林斯高晉海為界。,ok,zh-CN,781.4851999974053,埃尔斯沃思地位于半岛南方·以别林斯高晋海为界,14.205462984214998,186.15309999950114
,zh-TW,0.0,807.7502999985882,ocr_translation,aliyun:阿里专业:professional,確認您想搭的巴士會開到希布倫·而非只到基爾亞特·阿爾巴鎮附近的猶太屯墾區,请确认你打算乘坐的公交车将会进入希伯伦，而不仅仅是去附近的基亚特·阿巴 (Kiryat Arba) 犹太定居点。,993,確認您想搭的巴士會開到希布倫，而非只到基爾亞特‧阿爾巴鎮附近的猶太屯墾區。,ok,zh-CN,989.0954000002239,确认您想搭的巴士会开到希布伦·而非只到基尔亚特·阿尔巴镇附近的犹太屯垦区,8.448928012599298,181.34510000163573
,en,0.018867924528301886,1297.841999999946,ocr_translation,tencent:腾讯云翻译:default,"Thes story presented in the French opera, by Camille Saint-Saens, is of an artist 'whose life is dictated by y a love for drugs and Japan.",卡米尔·圣桑 (Camille Saint-Saens) 创作的法国歌剧讲述的是一名艺术家的故事，“他一生沉迷于毒品和对日本的热爱”。,189,"The story presented in the French opera, by Camille Saint-Saens, is of an artist ""whose life is dictated by a love for drugs and Japan.""",ok,zh-CN,1959.2077000015706,卡米尔·圣桑斯（Camille Saint-Saens）在法国歌剧中讲述的故事讲述了一位艺术家的生活是由对毒品和日本的热爱决定的。,34.564972219350125,661.3657000016246
,en,0.0,636.9775999992271,ocr_translation,tencent:腾讯云翻译:default,The road where the crash happened was temporarily closed while emergency services freed the driver from the red Audi TT.,事故发生的道路暂时封闭，紧急救援人员将司机从红色奥迪 TT 中救了出来。,283,The road where the crash happened was temporarily closed while emergency services freed the driver from the red Audi TT.,ok,zh-CN,1004.7776999999769,事故发生的道路暂时关闭，紧急服务部门将司机从红色奥迪TT上救出。,43.84443409274493,367.8001000007498
,en,0.0,925.0016000005417,ocr_translation,tencent:腾讯云翻译:default,"Another difference was that while the poor people and the woman ate their food while sitting in chairs, the rich men liked to have banquets together where they would lounge on their sides while they ate their meals.",另一个不同之处在于，穷人和女人坐在椅子上吃饭，富人则喜欢聚在一起举行宴会，侧卧着吃饭。,386,"Another difference was that while the poor people and the woman ate their food while sitting in chairs, the rich men liked to have banquets together where they would lounge on their sides while they ate their meals.",ok,zh-CN,1263.9837000024272,另一个不同的是，穷人和女人坐在椅子上吃饭，而富人喜欢一起吃饭，他们一边吃饭一边休息。,34.22633525205988,338.98210000188556
,en,0.0,525.7197999999335,ocr_translation,tencent:腾讯云翻译:default,"The D-Day landings and the following battles had freed the north of France, but the south still wasn't free.",诺曼底登陆和随后的战斗解放了法国北部，但南部仍然没有解放。,406,"The D-Day landings and the following battles had freed the north of France, but the south still wasn't free.",ok,zh-CN,882.6007999996364,诺曼底登陆和随后的战斗解放了法国北部，但南部仍然没有自由。,76.46279855885768,356.8809999997029
,en,0.009615384615384616,719.9772999993002,ocr_translation,tencent:腾讯云翻译:default,Minor cultures often vanish without leaving relevant historic evidence and fail to be recognized as proper c civilizations.,少数民族文化常常没有留下相关的历史证据就消失无踪，而且不被当做是像样的文明。,413,Minor cultures often vanish without leaving relevant historic evidence and fail to be recognized as proper civilizations.,ok,zh-CN,989.8020999971777,次要文化往往在没有留下相关历史证据的情况下消失，并且未能被认为是适当的文明。,20.53051747877046,269.82479999787756
,en,0.0,535.5296999987331,ocr_translation,tencent:腾讯云翻译:default,A full 20 percent of the water that pours out of the planet's rivers into the oceans comes from the Amazon.,亚马逊河占全世界所有河流的入海流量的 20%。,627,A full 20 percent of the water that pours out of the planet's rivers into the oceans comes from the Amazon.,ok,zh-CN,736.5816999990784,从地球河流流入海洋的水有整整20%来自亚马逊河。,17.076478559564986,201.0520000003453
,en,0.0,557.6836000000185,ocr_translation,tencent:腾讯云翻译:default,"The city is in stark contrast to the rest of the country's cities, because it has more of an Arabic flair than of an African.",这座城市与该国其他城市形成了鲜明对比，因为它更多的是阿拉伯风格，而不是非洲风格。,721,"The city is in stark contrast to the rest of the country's cities, because it has more of an Arabic flair than of an African.",ok,zh-CN,877.8029000022798,这座城市与该国其他城市形成鲜明对比，因为它更多的是阿拉伯风情，而不是非洲风情。,65.44786555551693,320.1193000022613
,en,0.0,1053.5328000005393,ocr_translation,tencent:腾讯云翻译:default,"Remember that even though music on the main stages may have finished, there may be sections of the festival that will keep playing music until late into the night.",记住，虽然主舞台上的音乐可能已经结束，但节日的其他部分可能会一直演奏音乐到深夜。,795,"Remember that even though music on the main stages may have finished, there may be sections of the festival that will keep playing music until late into the night.",ok,zh-CN,1324.5564999997441,请记住，即使主舞台上的音乐可能已经结束，音乐节的某些部分可能会继续播放音乐直到深夜。,39.29431328372196,271.02369999920484
,en,0.0,554.5855999989726,ocr_translation,tencent:腾讯云翻译:default,"Ellsworth Land is the region south of the Peninsula, bounded by the Bellingshausen Sea.",埃尔斯沃思地 (Ellsworth Land) 位于该半岛的南部，面朝别林斯高晋海 (Bellingshausen Sea)。,906,"Ellsworth Land is the region south of the Peninsula, bounded by the Bellingshausen Sea.",ok,zh-CN,831.4902999991318,埃尔斯沃斯地是半岛以南的地区，以别林斯高森海为界。,8.17848475089506,276.9047000001592
,en,0.0,538.7224000005517,ocr_translation,tencent:腾讯云翻译:default,Check that the bus you are thinking of taking goes into Hebron and not just to the nearby Jewish settlement of Kiryat Arba.,请确认你打算乘坐的公交车将会进入希伯伦，而不仅仅是去附近的基亚特·阿巴 (Kiryat Arba) 犹太定居点。,993,Check that the bus you are thinking of taking goes into Hebron and not just to the nearby Jewish settlement of Kiryat Arba.,ok,zh-CN,796.3187999994261,检查您正在考虑乘坐的巴士是否进入希伯伦，而不仅仅是前往附近的犹太定居点Kiryat Arba。,31.45041615369554,257.5963999988744
,ja,0.017241379310344827,2084.9020999994536,ocr_translation,tencent:腾讯云翻译:default,カミーユ・サン＝サーンスによるフランスのオペラで使われたこの物語は、 I 「麻薬と日本への愛に人生を左右された」ある芸術家の物語です,卡米尔·圣桑 (Camille Saint-Saens) 创作的法国歌剧讲述的是一名艺术家的故事，“他一生沉迷于毒品和对日本的热爱”。,189,カミーユ・サン＝サーンスによるフランスのオペラで使われたこの物語は、「麻薬と日本への愛に人生を左右された」ある芸術家の物語です。,ok,zh-CN,2635.0786999973934,这个故事出现在卡米尔·圣桑（Camille Saint-Saens）的法国歌剧中，讲述了一位艺术家的故事，他的一生都被毒品和对日本的热爱所左右。,40.421091347236015,550.1765999979398
,ja,0.0,951.4200000012352,ocr_translation,tencent:腾讯云翻译:default,衝突事故が起きた道路は、救急隊が赤いアウディTTから運転手を救助するまで一時通行止めになりました。,事故发生的道路暂时封闭，紧急救援人员将司机从红色奥迪 TT 中救了出来。,283,衝突事故が起きた道路は、救急隊が赤いアウディTTから運転手を救助するまで一時通行止めになりました。,ok,zh-CN,1258.2491000030132,发生车祸的道路暂时关闭，直到紧急服务人员将司机从红色奥迪TT中救出。,42.361351229742574,306.829100001778
,ja,0.0,1497.515499999281,ocr_translation,tencent:腾讯云翻译:default,もう1つの違いは、貧しい人々や女性は椅子に座って食事をするのに対し、金持ちの男性は寝そべってくつろぎながら食事をする宴会を好んだということです,另一个不同之处在于，穷人和女人坐在椅子上吃饭，富人则喜欢聚在一起举行宴会，侧卧着吃饭。,386,もう1つの違いは、貧しい人々や女性は椅子に座って食事をするのに対し、金持ちの男性は寝そべってくつろぎながら食事をする宴会を好んだということです。,ok,zh-CN,1893.2447000006505,另一个不同之处是，穷人和妇女更喜欢坐在椅子上吃饭，而富人更喜欢躺在床上放松地吃饭的宴会。,29.173286502336587,395.72920000136946
,ja,0.0,848.5006999981124,ocr_translation,tencent:腾讯云翻译:default,Ｄデイの上陸作戦とそれに続く戦闘でフランス北部は解放されましたが、南部はまだ解放されていませんでした。,诺曼底登陆和随后的战斗解放了法国北部，但南部仍然没有解放。,406,Dデイの上陸作戦とそれに続く戦闘でフランス北部は解放されましたが、南部はまだ解放されていませんでした。,ok,zh-CN,1129.275499995856,在D日登陆和随后的战斗中，法国北部获得了解放，但南部还没有获得解放。,33.031429313224635,280.7747999977437
,ja,0.0,1000.657600001432,ocr_translation,tencent:腾讯云翻译:default,主流からはずれた文化は、正式な文明として認識されないまま消滅することが多く、そうすると歴史的証拠は残りません。,少数民族文化常常没有留下相关的历史证据就消失无踪，而且不被当做是像样的文明。,413,主流からはずれた文化は、正式な文明として認識されないまま消滅することが多く、そうすると歴史的証拠は残りません。,ok,zh-CN,1271.749200001068,偏离主流的文化往往会在不被承认为正式文明的情况下消失，而这样做的话，历史证据就不复存在。,13.739999246711887,271.09159999963595
,ja,0.0,773.1526000025042,ocr_translation,tencent:腾讯云翻译:default,地球上の川から海に注ぐ水の20％は、アマゾン川から流れ出ています。,亚马逊河占全世界所有河流的入海流量的 20%。,627,地球上の川から海に注ぐ水の20%は、アマゾン川から流れ出ています。,ok,zh-CN,1103.3167999994475,从地球上的河流流入海洋的水有20%是从亚马逊河流出的。,17.238638386062057,330.16419999694335
,ja,0.022727272727272728,812.3339000012493,ocr_translation,tencent:腾讯云翻译:default,この都市は、アフリカの都市というよりもアラビア色が強国内の他の都市とは対照的な雰囲気です。,这座城市与该国其他城市形成了鲜明对比，因为它更多的是阿拉伯风格，而不是非洲风格。,721,この都市は、アフリカの都市というよりもアラビア色が強く、国内の他の都市とは対照的な雰囲気です。,ok,zh-CN,1150.2510999998776,这座城市与该国的其他城市形成了鲜明的对比，而不是非洲城市，而是阿拉伯色彩。,39.86312321684372,337.91719999862835
,ja,0.0,1290.6944999995176,ocr_translation,tencent:腾讯云翻译:default,メインステージの音楽が終わっても、フェスティバルには夜遅くまで演奏を流し続けるセクションがあるかもしれないことを覚えておいてください。,记住，虽然主舞台上的音乐可能已经结束，但节日的其他部分可能会一直演奏音乐到深夜。,795,メインステージの音楽が終わっても、フェスティバルには夜遅くまで演奏を流し続けるセクションがあるかもしれないことを覚えておいてください。,ok,zh-CN,1476.9790999998804,请记住，即使主舞台上的音乐已经结束，音乐节可能会有一个部分，你会一直播放到深夜。,28.042999415179864,186.28460000036284
,ja,0.0,853.787399999419,ocr_translation,tencent:腾讯云翻译:default,エルズワースランドは、ベリングハウゼン海に囲まれた半島南の地域に位置します。,埃尔斯沃思地 (Ellsworth Land) 位于该半岛的南部，面朝别林斯高晋海 (Bellingshausen Sea)。,906,エルズワースランドは、ベリングハウゼン海に囲まれた半島南の地域に位置します。,ok,zh-CN,1138.753999999608,埃尔斯沃思地位于半岛南部的一个地区，被贝林豪森海包围。,9.86760373791435,284.9666000001889
,ja,0.0,1252.1486000005098,ocr_translation,tencent:腾讯云翻译:default,乗ろうとしているバスが、キルヤト・アルバ近くのユダヤ人集落方面に向かうだけでなく、ヘブロン行きであることを確認してください。,请确认你打算乘坐的公交车将会进入希伯伦，而不仅仅是去附近的基亚特·阿巴 (Kiryat Arba) 犹太定居点。,993,乗ろうとしているバスが、キルヤト・アルバ近くのユダヤ人集落方面に向かうだけでなく、ヘブロン行きであることを確認してください。,ok,zh-CN,1546.2593000011111,请确保您将要乘坐的公共汽车不仅开往Kiryat Arba附近的犹太人定居点，而且也开往希伯伦。,21.921945958062032,294.11070000060135
,ko,0.0,1390.1010000008682,ocr_translation,tencent:腾讯云翻译:default,"'카미유 생상(Camille Saint-Saens)이 프랑스 오페라에서 발표한이야기는"""" ""마약과 일본에 대한 사랑이 지배한 삶을 산""""한 예술가의 이야기입니다.",卡米尔·圣桑 (Camille Saint-Saens) 创作的法国歌剧讲述的是一名艺术家的故事，“他一生沉迷于毒品和对日本的热爱”。,189,"""카미유 생상(Camille Saint-Saens)이 프랑스 오페라에서 발표한 이야기는 """"마약과 일본에 대한 사랑이 지배한 삶을 산"""" 한 예술가의 이야기입니다.""",ok,zh-CN,1991.9979000005696,“卡米尔 · 圣桑斯在法国歌剧中讲述的故事 ” 是一个艺术家的故事 ， 他“ 过着被毒品和对日本的热爱所支配的生活 ” 。,23.558599205477222,601.8968999997014
,ko,0.022222222222222223,785.5054999999993,ocr_translation,tencent:腾讯云翻译:default,"충돌이일어난도로는일시적으로폐쇄되었으며,구급대가운전자를빨간색아우디I TT차량에서구출하였다.",事故发生的道路暂时封闭，紧急救援人员将司机从红色奥迪 TT 中救了出来。,283,"충돌이 일어난 도로는 일시적으로 폐쇄되었으며, 구급대가 운전자를 빨간색 아우디 TT 차량에서 구출하였다.",ok,zh-CN,1896.3135999983933,发生碰撞的道路暂时封闭 ， 急救队将司机从红色奥迪 TT 车辆中救出。,39.21482642606841,1110.808099998394
,ko,0.014285714285714285,888.5306000011042,ocr_translation,tencent:腾讯云翻译:default,"또 다른 차이점은,가난한 사람들과 여성은 의자에 앉아 음식을먹었고,부유한 남자들은 함께 모여 만찬을 나누면서 옆으로 느곳하게 누워 식사하는 것을 좋아했다는 것입니다.",另一个不同之处在于，穷人和女人坐在椅子上吃饭，富人则喜欢聚在一起举行宴会，侧卧着吃饭。,386,"또 다른 차이점은, 가난한 사람들과 여성은 의자에 앉아 음식을 먹었고, 부유한 남자들은 함께 모여 만찬을 나누면서 옆으로 느긋하게 누워 식사하는 것을 좋아했다는 것입니다.",ok,zh-CN,1375.2100999990944,另一个区别是 ， 穷人和女人坐在椅子上吃饭 ， 而富人喜欢坐在一起吃饭 ， 躺在一边 ， 分享晚餐。,32.44836792797033,486.6794999979902
,ko,0.02702702702702703,577.1009000018239,ocr_translation,tencent:腾讯云翻译:default,"D-데이상륙과 그 후속전투는 프랑스북부를해방시켰지만,남부는C여전히자유롭지못했다.",诺曼底登陆和随后的战斗解放了法国北部，但南部仍然没有解放。,406,"D-데이 상륙과 그 후속 전투는 프랑스 북부를 해방시켰지만, 남부는 여전히 자유롭지 못했다.",ok,zh-CN,945.9741000027861,登陆和随后的战斗解放了法国北部 ， 但南部仍然不自由。,62.101876270275824,368.87320000096224
,ko,0.02040816326530612,653.2628000022669,ocr_translation,tencent:腾讯云翻译:default,소수의문화들은 의미있는역사적인증거들을남기지않고사라지는경우가많으며제대로된든문명으로취급받지못한다.,少数民族文化常常没有留下相关的历史证据就消失无踪，而且不被当做是像样的文明。,413,소수의 문화들은 의미 있는 역사적인 증거들을 남기지 않고 사라지는 경우가 많으며 제대로 된 문명으로 취급받지 못한다.,ok,zh-CN,1177.1428000029118,少数文化没有留下任何有意义的历史证据 ， 往往很多 ， 无论是被继承还是被继承 ， 都不能被视为文明。,15.579308280049787,523.8800000006449
,ko,0.0,561.1446000002616,ocr_translation,tencent:腾讯云翻译:default,지구의강에서바다로쏟아져들어가는물의20%는아마존에서흘러나온다.,亚马逊河占全世界所有河流的入海流量的 20%。,627,지구의 강에서 바다로 쏟아져 들어가는 물의 20%는 아마존에서 흘러나온다.,ok,zh-CN,941.3414000009652,地球上河流流入海洋的 20% 的水来自亚马逊。,14.793096820618892,380.19680000070366
,ko,0.0,626.6035999979067,ocr_translation,tencent:腾讯云翻译:default,이도시는아프리카보다아랍성향이더있기때문에말리의다른도시들과극명한대조를이루고있습니다.,这座城市与该国其他城市形成了鲜明对比，因为它更多的是阿拉伯风格，而不是非洲风格。,721,이 도시는 아프리카보다 아랍 성향이 더 있기 때문에 말리의 다른 도시들과 극명한 대조를 이루고 있습니다.,ok,zh-CN,1129.1326999999,这座城市比非洲更阿拉伯化 ， 与马里其他城市形成鲜明对比。,21.28535069070101,502.52910000199336
,ko,0.0,653.7198000005446,ocr_translation,tencent:腾讯云翻译:default,"비록중앙무대에서연주하는 곡은끝날수있지만,축제곳곳에서는밤늦게까지음악을연주할수도있다는것을잊지마세요.",记住，虽然主舞台上的音乐可能已经结束，但节日的其他部分可能会一直演奏音乐到深夜。,795,"비록 중앙 무대에서 연주하는 곡은 끝날 수 있지만, 축제 곳곳에서는 밤늦게까지 음악을 연주할 수도 있다는 것을 잊지 마세요.",ok,zh-CN,1343.9884999970673,虽然在中央舞台上演奏的歌曲可能会结束 ， 但请记住 ， 在节日场所 ， 音乐可能会一直演奏到深夜。,27.57608756080107,690.2686999965226
,ko,0.0,547.2144000013941,ocr_translation,tencent:腾讯云翻译:default,엘즈워스랜드는반도의남쪽에위치하며벨링스하우젠해와맞닿아있습니다.,埃尔斯沃思地 (Ellsworth Land) 位于该半岛的南部，面朝别林斯高晋海 (Bellingshausen Sea)。,906,엘즈워스랜드는 반도의 남쪽에 위치하며 벨링스하우젠 해와 맞닿아 있습니다.,ok,zh-CN,958.7523000009242,埃尔斯沃斯兰位于半岛南部 ， 毗邻贝林斯豪森海。,6.729260358222108,411.53789999953005
,ko,0.0,900.4466000005777,ocr_translation,tencent:腾讯云翻译:default,당신이 타려고 하는 버스가 헤브론의 인근에 있는 키리아트 아르바의 유대인 마을로 가는 것이 아니라 헤브론으로 가는 버스인지 확인해야 한다.,请确认你打算乘坐的公交车将会进入希伯伦，而不仅仅是去附近的基亚特·阿巴 (Kiryat Arba) 犹太定居点。,993,당신이 타려고 하는 버스가 헤브론의 인근에 있는 키리아트 아르바의 유대인 마을로 가는 것이 아니라 헤브론으로 가는 버스인지 확인해야 한다.,ok,zh-CN,1089.4888000002538,你应该确保你打算乘坐的公共汽车是去希伯伦的公共汽车 ， 而不是去希伯伦附近的基里亚特阿尔巴犹太村。,15.552275113134167,189.0421999996761
,fr,0.0078125,1431.1285000003409,ocr_translation,tencent:腾讯云翻译:default,"L'histoire e présentée dans l'opéra français, par Camille Saint-Saens, est celle d'un artiste « dont la vie est dictée par son amour pour la drogue et pour le Japon ».",卡米尔·圣桑 (Camille Saint-Saens) 创作的法国歌剧讲述的是一名艺术家的故事，“他一生沉迷于毒品和对日本的热爱”。,189,"L'histoire présentée dans l'opéra français, par Camille Saint-Saens, est celle d'un artiste « dont la vie est dictée par son amour pour la drogue et pour le Japon ».",ok,zh-CN,2073.7610000032873,卡米尔 · 圣桑斯 （ Camille Saint-Saens ） 在法国歌剧中讲述了一个艺术家的故事 ， 他的生活是由他对毒品和日本的热爱决定的。,42.77075024494165,642.6325000029465
,fr,0.008620689655172414,917.3416000012367,ocr_translation,tencent:腾讯云翻译:default,La voie où l'accident t a eu lieu a été temporairement barrée pour permettre aux services de secours d'extraire le conducteur de l'Audi TT rouge.,事故发生的道路暂时封闭，紧急救援人员将司机从红色奥迪 TT 中救了出来。,283,La voie où l'accident a eu lieu a été temporairement barrée pour permettre aux services de secours d'extraire le conducteur de l'Audi TT rouge. ,ok,zh-CN,1450.313900000765,事故发生的车道被暂时封锁 ， 以便紧急服务部门将红色奥迪 TT 的司机救出。,24.38427798479126,532.9722999995283
,fr,0.0,941.3796000008006,ocr_translation,tencent:腾讯云翻译:default,"Autre différence : alors que les pauvres et la femme mangeaient leur nourriture en étant assis sur des chaises, les hommes riches aimaient organiser des banquets ensemble où ils se reposaient sur le côté pendant qu’ils prenaient leur repas.",另一个不同之处在于，穷人和女人坐在椅子上吃饭，富人则喜欢聚在一起举行宴会，侧卧着吃饭。,386,"Autre différence : alors que les pauvres et la femme mangeaient leur nourriture en étant assis sur des chaises, les hommes riches aimaient organiser des banquets ensemble où ils se reposaient sur le côté pendant qu’ils prenaient leur repas.",ok,zh-CN,1261.390500003472,其它差异 ：当穷人和女人坐在椅子上吃饭时 ， 富人喜欢一起举办宴会 ， 他们在吃饭时躺在一边。,29.88811707089067,320.0109000026714
,fr,0.0,648.0847999991965,ocr_translation,tencent:腾讯云翻译:default,"Le débarquement du jour J et les batailles suivantes ont libéré le nord de la France, mais le sud n'était toujours pas libre.",诺曼底登陆和随后的战斗解放了法国北部，但南部仍然没有解放。,406,"Le débarquement du jour J et les batailles suivantes ont libéré le nord de la France, mais le sud n'était toujours pas libre.",ok,zh-CN,958.598000001075,登陆日和随后的战斗解放了法国北部 ， 但南部仍然没有自由。,62.664046095670514,310.51320000187843
,fr,0.0,921.7983999988064,ocr_translation,tencent:腾讯云翻译:default,Les cultures minoritaires disparaissent souvent sans laisser de traces historiques pertinentes et ne sont pas reconnues comme de véritables civilisations.,少数民族文化常常没有留下相关的历史证据就消失无踪，而且不被当做是像样的文明。,413,Les cultures minoritaires disparaissent souvent sans laisser de traces historiques pertinentes et ne sont pas reconnues comme de véritables civilisations.,ok,zh-CN,1294.4952999969246,少数民族文化往往消失得无影无踪 ， 没有被承认为真正的文明。,18.06775053861053,372.69689999811817
,fr,0.0,548.1799000008323,ocr_translation,tencent:腾讯云翻译:default,Pas moins de 20 % de l'eau qui se jette des rivières de la planète dans les océans provient de l'Amazone.,亚马逊河占全世界所有河流的入海流量的 20%。,627,Pas moins de 20 % de l'eau qui se jette des rivières de la planète dans les océans provient de l'Amazone.,ok,zh-CN,889.4603000007919,地球上从河流流入海洋的水中 ， 不少于 20% 来自亚马逊河。,13.996845290013765,341.2803999999596
,fr,0.0,556.8835000012768,ocr_translation,tencent:腾讯云翻译:default,"La ville contraste fortement avec les cités du reste du pays, car elle possède un style davantage arabe qu'africain.",这座城市与该国其他城市形成了鲜明对比，因为它更多的是阿拉伯风格，而不是非洲风格。,721,"La ville contraste fortement avec les cités du reste du pays, car elle possède un style davantage arabe qu'africain.",ok,zh-CN,746.4177000001655,这座城市与该国其他地区的城市形成鲜明对比， 因为它拥有更多的阿拉伯风格而不是非洲风格。,50.411579705755216,189.53419999888865
,fr,0.0,819.7340000006079,ocr_translation,tencent:腾讯云翻译:default,"N'oubliez pas que même si les spectacles musicaux sont terminés sur les scènes principales, d'autres spectacles musicaux peuvent se poursuivre jusqu'à tard dans la nuit sur d'autres sites du festival.",记住，虽然主舞台上的音乐可能已经结束，但节日的其他部分可能会一直演奏音乐到深夜。,795,"N'oubliez pas que même si les spectacles musicaux sont terminés sur les scènes principales, d'autres spectacles musicaux peuvent se poursuivre jusqu'à tard dans la nuit sur d'autres sites du festival.",ok,zh-CN,1115.764300000592,请记住 ， 即使音乐表演在主舞台上结束 ， 其他音乐表演可能会在节日的其他场地持续到深夜。,21.825098177755205,296.030299999984
,fr,0.012345679012345678,639.8617000013473,ocr_translation,tencent:腾讯云翻译:default,"Ellsworth Land d est la région méridionale de la péninsule, délimitée par la mer de Bellingshausen.",埃尔斯沃思地 (Ellsworth Land) 位于该半岛的南部，面朝别林斯高晋海 (Bellingshausen Sea)。,906,"Ellsworth Land est la région méridionale de la péninsule, délimitée par la mer de Bellingshausen.",ok,zh-CN,1176.8707000010181,埃尔斯沃思地 （ 英语 ： Ellsworth Land ） 是半岛的南部地区 ， 与贝林斯豪森海 （ 英语 ： Bellingshausen Sea ） 相接。,48.18022082882355,537.0089999996708
,fr,0.0,966.016700000182,ocr_translation,tencent:腾讯云翻译:default,Vérifiez que le bus que vous envisagez de prendre se rend à Hébron et pas seulement à la colonie juive voisine de Kyriat Arba.,请确认你打算乘坐的公交车将会进入希伯伦，而不仅仅是去附近的基亚特·阿巴 (Kiryat Arba) 犹太定居点。,993,Vérifiez que le bus que vous envisagez de prendre se rend à Hébron et pas seulement à la colonie juive voisine de Kyriat Arba.,ok,zh-CN,1171.1278999973729,确保你打算乘坐的巴士去希伯伦， 而不仅仅是去附近的犹太定居点 Kyriak Arba 。,32.25584560519713,205.11119999719085
,de,0.0,1122.1024000005855,ocr_translation,tencent:腾讯云翻译:default,"Die Geschichte, die in der französischen Oper von Camille Saint-Saens vorgestellte wurde, handelt von einem Künstler, „dessen Leben von der Liebe zu Drogen und Japan bestimmt ist"".",卡米尔·圣桑 (Camille Saint-Saens) 创作的法国歌剧讲述的是一名艺术家的故事，“他一生沉迷于毒品和对日本的热爱”。,189,"Die Geschichte, die in der französischen Oper von Camille Saint-Saens vorgestellte wurde, handelt von einem Künstler, „dessen Leben von der Liebe zu Drogen und Japan bestimmt ist“.",ok,zh-CN,1431.354199998168,这个故事在卡米尔 · 圣桑斯的法国歌剧中呈现 ， 讲述了一位艺术家 “他的生活被对毒品和日本的热爱所定义 ” 。,16.698626870020636,309.25179999758257
,de,0.0,1153.6498999994365,ocr_translation,tencent:腾讯云翻译:default,"Die Straße, auf der sich der Unfall ereignet hatte, wurde vorübergehend gesperrt, während die Rettungsdienste den Fahrer aus dem roten Audi TT befreiten.",事故发生的道路暂时封闭，紧急救援人员将司机从红色奥迪 TT 中救了出来。,283,"Die Straße, auf der sich der Unfall ereignet hatte, wurde vorübergehend gesperrt, während die Rettungsdienste den Fahrer aus dem roten Audi TT befreiten.",ok,zh-CN,1450.8930999982113,事故发生的道路被暂时封锁 ， 而救援服务则将司机从红色奥迪 TT 中解救出来。,40.530140268787044,297.2431999987748
,de,0.0,833.9539999979024,ocr_translation,tencent:腾讯云翻译:default,"Ein anderer Unterschied war, dass die armen Leute und die Frauen ihr Essen auf Stühlen sitzend aßen. Die reichen Männer hielten dagegen lieber gemeinsame Bankette ab, bei denen sie auf der Seite lagen, während sie ihre Mahlzeiten verspeisten.",另一个不同之处在于，穷人和女人坐在椅子上吃饭，富人则喜欢聚在一起举行宴会，侧卧着吃饭。,386,"Ein anderer Unterschied war, dass die armen Leute und die Frauen ihr Essen auf Stühlen sitzend aßen. Die reichen Männer hielten dagegen lieber gemeinsame Bankette ab, bei denen sie auf der Seite lagen, während sie ihre Mahlzeiten verspeisten.",ok,zh-CN,1147.8896999979042,另一个区别是穷人和女人坐在椅子上吃饭。相反 ， 富人更喜欢举行共同的宴会 ， 他们躺在一边吃饭。,31.284772320662825,313.9357000000018
,de,0.0,948.2510000016191,ocr_translation,tencent:腾讯云翻译:default,"Die Landung am D-Day und die darauffolgenden Gefechte haben den Norden Frankreichs befreit, aber der Süden war noch immer nicht frei.",诺曼底登陆和随后的战斗解放了法国北部，但南部仍然没有解放。,406,"Die Landung am D-Day und die darauffolgenden Gefechte haben den Norden Frankreichs befreit, aber der Süden war noch immer nicht frei.",ok,zh-CN,1231.3551000006555,D 日登陆和随后的战斗解放了法国北部 ， 但南部仍然没有自由。,67.22732116725419,283.1040999990364
,de,0.0,904.9559999984922,ocr_translation,tencent:腾讯云翻译:default,"Kleinere Kulturen verschwinden oft, ohne relevante historische Zeugnisse zu hinterlassen und versäumen es, als regelrechte Zivilisationen anerkannt zu werden.",少数民族文化常常没有留下相关的历史证据就消失无踪，而且不被当做是像样的文明。,413,"Kleinere Kulturen verschwinden oft, ohne relevante historische Zeugnisse zu hinterlassen und versäumen es, als regelrechte Zivilisationen anerkannt zu werden.",ok,zh-CN,1142.3006999975769,较小的文化往往消失 ， 没有留下相关的历史证据 ， 并且未能被承认为真正的文明。,27.94902238652081,237.3446999990847
,de,0.0,652.8054000009433,ocr_translation,tencent:腾讯云翻译:default,"Ganze 20 Prozent des Wassers, das über die Flüsse des Planeten in die Ozeane fließt, kommt aus dem Amazonas.",亚马逊河占全世界所有河流的入海流量的 20%。,627,"Ganze 20 Prozent des Wassers, das über die Flüsse des Planeten in die Ozeane fließt, kommt aus dem Amazonas.",ok,zh-CN,900.1711000018986,全球河流流入海洋的水中 ， 有 20% 来自亚马逊河流。,15.499955097975041,247.36570000095526
,de,0.0,584.2182000014873,ocr_translation,tencent:腾讯云翻译:default,"Die Stadt steht in starkem Kontrast zum Rest der Städte des Landes, weil sie eher ein arabisches als ein afrikanisches Flair hat.",这座城市与该国其他城市形成了鲜明对比，因为它更多的是阿拉伯风格，而不是非洲风格。,721,"Die Stadt steht in starkem Kontrast zum Rest der Städte des Landes, weil sie eher ein arabisches als ein afrikanisches Flair hat.",ok,zh-CN,889.8214000037115,这座城市与该国其他城市形成鲜明对比 ， 因为它更具阿拉伯风格而不是非洲风格。,57.77038421959711,305.6032000022242
,de,0.007874015748031496,990.7144999997399,ocr_translation,tencent:腾讯云翻译:default,"Denken Sie daran, dass s auf Teilen des Festivals noch bis spät in die Nacht Musik gespielt wird, auch wenn die Musik auf den Hauptbühnen schon aufgehört hat.",记住，虽然主舞台上的音乐可能已经结束，但节日的其他部分可能会一直演奏音乐到深夜。,795,"Denken Sie daran, dass auf Teilen des Festivals noch bis spät in die Nacht Musik gespielt wird, auch wenn die Musik auf den Hauptbühnen schon aufgehört hat.",ok,zh-CN,1396.6910000017378,请记住 ， 音乐节的某些部分仍然会播放到深夜 ， 即使主要舞台上的音乐已经停止。,18.315934746795527,405.9765000019979
,de,0.0,613.4066999984498,ocr_translation,tencent:腾讯云翻译:default,"Ellsworthland ist die Region südlich der Halbinsel, die von der Bellingshausen-See begrenzt wird.",埃尔斯沃思地 (Ellsworth Land) 位于该半岛的南部，面朝别林斯高晋海 (Bellingshausen Sea)。,906,"Ellsworthland ist die Region südlich der Halbinsel, die von der Bellingshausen-See begrenzt wird.",ok,zh-CN,791.1668999986432,埃尔斯沃思兰 （ Ellsworthland ） 是半岛以南的地区 ， 由贝林斯豪森湖 （ Bellingshausen Lake ） 接壤。,33.15620024768632,177.76020000019344
,de,0.0,962.1578000005684,ocr_translation,tencent:腾讯云翻译:default,"Stellen Sie sicher, dass der Bus, mit dem Sie fahren möchten, nach Hebron fährt und nicht nur in die nahegelegene jüdische Siedlung Kirjat Arba.",请确认你打算乘坐的公交车将会进入希伯伦，而不仅仅是去附近的基亚特·阿巴 (Kiryat Arba) 犹太定居点。,993,"Stellen Sie sicher, dass der Bus, mit dem Sie fahren möchten, nach Hebron fährt und nicht nur in die nahegelegene jüdische Siedlung Kirjat Arba.",ok,zh-CN,1279.8249000006763,确保您要乘坐的巴士开往希伯伦 ， 而不仅仅是附近的犹太定居点 Kirjat Arba 。,26.79039600450428,317.6671000001079
,es,0.0,1384.764999998879,ocr_translation,tencent:腾讯云翻译:default,"La historia que narra la ópera francesa presentada por Camille Saint-Saens es la de un artista «cuya vida está prescrita por el amor, por las drogas y por Japón».",卡米尔·圣桑 (Camille Saint-Saens) 创作的法国歌剧讲述的是一名艺术家的故事，“他一生沉迷于毒品和对日本的热爱”。,189,"La historia que narra la ópera francesa presentada por Camille Saint-Saens es la de un artista «cuya vida está prescrita por el amor, por las drogas y por Japón».",ok,zh-CN,1725.4628000009689,卡米尔 · 圣桑斯 （ Camille Saint-Saens ） 介绍的法国歌剧讲述了一个艺术家的故事 ， 他的生活被爱情、毒品和日本所支配。,43.10039258105678,340.69780000208993
,es,0.007462686567164179,946.8807999983255,ocr_translation,tencent:腾讯云翻译:default,La carretera donde se produjo el a accidente fue cerrada temporalmente mientras los servicios de emergencia sacaban de su interior al conductor del Audi TT rojo.,事故发生的道路暂时封闭，紧急救援人员将司机从红色奥迪 TT 中救了出来。,283,La carretera donde se produjo el accidente fue cerrada temporalmente mientras los servicios de emergencia sacaban de su interior al conductor del Audi TT rojo.,ok,zh-CN,1523.8904999969236,事故发生的道路暂时关闭 ， 紧急服务人员将红色奥迪 TT 的司机从车内救出。,36.654219646838904,577.0096999985981
,es,0.0,935.3661999994074,ocr_translation,tencent:腾讯云翻译:default,"Otra cosa en la que se diferenciaban era que la gente humilde y las mujeres comían sentados en una silla, mientras que los acaudalados disfrutaban de compartir banquetes y echarse de lado mientras comían.",另一个不同之处在于，穷人和女人坐在椅子上吃饭，富人则喜欢聚在一起举行宴会，侧卧着吃饭。,386,"Otra cosa en la que se diferenciaban era que la gente humilde y las mujeres comían sentados en una silla, mientras que los acaudalados disfrutaban de compartir banquetes y echarse de lado mientras comían.",ok,zh-CN,1282.1941999973205,他们的另一个不同之处是 ， 卑微的人和女人坐在椅子上吃饭 ， 而富人喜欢分享宴会 ， 边吃边坐。,34.57647530810357,346.82799999791314
,es,0.006896551724137931,1005.3576000027533,ocr_translation,tencent:腾讯云翻译:default,"Si bien los desembarcos llevados a cabo durante el Día D, así como los subsiguientes enfrentamientos, habían logrado la liberación del norte de Francia, aún restaba a el lado sur.",诺曼底登陆和随后的战斗解放了法国北部，但南部仍然没有解放。,406,"Si bien los desembarcos llevados a cabo durante el Día D, así como los subsiguientes enfrentamientos, habían logrado la liberación del norte de Francia, aún restaba el lado sur.",ok,zh-CN,1622.2555000022112,虽然诺曼底登陆日的登陆和随后的战斗成功地解放了法国北部 ， 但法国南部仍然存在。,46.99394998541419,616.8978999994579
,es,0.0,907.9409000005398,ocr_translation,tencent:腾讯云翻译:default,"Las culturas minoritarias suelen desaparecer sin dejar rastros históricos relevantes, y no logran ser reconocidas como civilizaciones propiamente dichas.",少数民族文化常常没有留下相关的历史证据就消失无踪，而且不被当做是像样的文明。,413,"Las culturas minoritarias suelen desaparecer sin dejar rastros históricos relevantes, y no logran ser reconocidas como civilizaciones propiamente dichas.",ok,zh-CN,1183.0835000000661,少数民族文化往往消失得无影无踪 ， 无法被承认为文明。,15.475836359144113,275.1425999995263
,es,0.010309278350515464,840.5275000004622,ocr_translation,tencent:腾讯云翻译:default,"Del total del agua proveniente de los ríos del mundo que desemboca en n los océanos, el 20 por ciento deriva del Amazonas.",亚马逊河占全世界所有河流的入海流量的 20%。,627,"Del total del agua proveniente de los ríos del mundo que desemboca en los océanos, el 20 por ciento deriva del Amazonas.",ok,zh-CN,1149.7868000005838,在世界河流流入海洋的总水中 ， 20% 来自亚马逊河。,16.084067431342586,309.2593000001216
,es,0.0,625.9179000007862,ocr_translation,tencent:腾讯云翻译:default,"La ciudad contrasta mucho con las restantes del país, ya que posee un estilo más árabe que africano.",这座城市与该国其他城市形成了鲜明对比，因为它更多的是阿拉伯风格，而不是非洲风格。,721,"La ciudad contrasta mucho con las restantes del país, ya que posee un estilo más árabe que africano.",ok,zh-CN,918.7563999985287,这座城市与该国其他地区形成了鲜明的对比， 因为它拥有更多的阿拉伯风格而不是非洲风格。,47.99087288001071,292.8384999977425
,es,0.0,988.308899999538,ocr_translation,tencent:腾讯云翻译:default,"Hay – que tener en cuenta que, si bien las actuaciones musicales puede que hayan finalizado, en otras zonas del festival podrían continuar hasta altas horas de la madrugada.",记住，虽然主舞台上的音乐可能已经结束，但节日的其他部分可能会一直演奏音乐到深夜。,795,"Hay que tener en cuenta que, si bien las actuaciones musicales puede que hayan finalizado, en otras zonas del festival podrían continuar hasta altas horas de la madrugada.",ok,zh-CN,1603.9067999990948,需要注意的是 ， 虽然音乐表演可能已经结束 ， 但在节日的其他地区 ， 音乐表演可能会持续到凌晨。,25.51922920523786,615.5978999995568
,es,0.0,953.1290000013541,ocr_translation,tencent:腾讯云翻译:default,"La Tierra de Ellsworth, cuyos límites están definidos por el mar de Bellingshausen, es una región que se localiza al sur de la península.",埃尔斯沃思地 (Ellsworth Land) 位于该半岛的南部，面朝别林斯高晋海 (Bellingshausen Sea)。,906,"La Tierra de Ellsworth, cuyos límites están definidos por el mar de Bellingshausen, es una región que se localiza al sur de la península.",ok,zh-CN,1259.085400000913,埃尔斯沃思地 （ 英语 ： Ellsworth Land ） 是一个位于半岛南部的地区 ， 其边界由贝林斯豪森海 （ 英语 ： Bellingshausen Sea ） 界定。,46.00294031191757,305.9563999995589
,es,0.0,1020.0979999972333,ocr_translation,tencent:腾讯云翻译:default,"Debe corroborar que el autobús al que piensa subirse va con dirección a Hebrón y no solo a Kyriat Arba, que es un barrio judío que queda cerca de ese lugar.",请确认你打算乘坐的公交车将会进入希伯伦，而不仅仅是去附近的基亚特·阿巴 (Kiryat Arba) 犹太定居点。,993,"Debe corroborar que el autobús al que piensa subirse va con dirección a Hebrón y no solo a Kyriat Arba, que es un barrio judío que queda cerca de ese lugar.",ok,zh-CN,1257.5719999986177,你必须证明你打算乘坐的公共汽车是开往希伯伦的 ， 而不仅仅是开往希伯伦附近的一个犹太社区 Kyriak Arba 。,21.440845550847335,237.4740000013844
,ru,0.01652892561983471,1232.7397000008204,ocr_translation,tencent:腾讯云翻译:default,"История, р рассказанная во французской опере Камилем Сен-Сансом, повествует о художнике, жизнью которого управляет любовь к наркотикам и кя Японии",卡米尔·圣桑 (Camille Saint-Saens) 创作的法国歌剧讲述的是一名艺术家的故事，“他一生沉迷于毒品和对日本的热爱”。,189,"История, рассказанная во французской опере Камилем Сен-Сансом, повествует о художнике, ""жизнью которого управляет любовь к наркотикам и к Японии"".",ok,zh-CN,1851.0443999985,这个故事由法国歌剧《卡米尔 · 圣桑斯》讲述 ， 讲述了一位艺术家 ， 他的生活被对毒品和日本的热爱所支配。,14.861824768234408,618.3046999976796
,ru,0.0,891.0045000011451,ocr_translation,tencent:腾讯云翻译:default,"Дорогу, где произошла авария, временно закрыли, пока службы экстренной помощи высвобождали водителя иЗ красной Audi TT.",事故发生的道路暂时封闭，紧急救援人员将司机从红色奥迪 TT 中救了出来。,283,"Дорогу, где произошла авария, временно закрыли, пока службы экстренной помощи высвобождали водителя из красной Audi TT.",ok,zh-CN,1388.473899998644,事故发生的道路暂时关闭 ， 直到紧急服务部门释放了红色奥迪 TT 的司机。,31.520952784195412,497.46939999749884
,ru,0.0,1026.8070000020089,ocr_translation,tencent:腾讯云翻译:default,"Было и иное отличие: в то время как бедные люди и женщина ели, сидя на стульях, богатеям нравилось устраивать совместные пирушки, во время которых они ели, лежа на боку.",另一个不同之处在于，穷人和女人坐在椅子上吃饭，富人则喜欢聚在一起举行宴会，侧卧着吃饭。,386,"Было и иное отличие: в то время как бедные люди и женщина ели, сидя на стульях, богатеям нравилось устраивать совместные пирушки, во время которых они ели, лежа на боку.",ok,zh-CN,1354.293600004894,还有另一个区别 ：当穷人和女人坐在椅子上吃饭时 ， 富人喜欢共享宴会 ， 他们躺在床上吃饭。,29.715683818318166,327.4866000028851
,ru,0.02197802197802198,889.5365000025777,ocr_translation,tencent:腾讯云翻译:default,"В результате операции Нeптuн' И последующих битв был освобождён север Франции, но юг всё ещё не был освобождён.",诺曼底登陆和随后的战斗解放了法国北部，但南部仍然没有解放。,406,"В результате операции ""Нептун"" и последующих битв был освобождён север Франции, но юг всё ещё не был освобождён.",ok,zh-CN,1313.8180000023567,海王星行动和随后的战斗解放了法国北部 ， 但南部仍然没有解放。,69.47412239284162,424.28149999977904
,ru,0.015384615384615385,967.851100002008,ocr_translation,tencent:腾讯云翻译:default,"Малые культуры часто исчезают, не оставив соответствующих исторических свидетельств, и И поэтому не могут быть признаны в і качестве подлинных цивилизаций.",少数民族文化常常没有留下相关的历史证据就消失无踪，而且不被当做是像样的文明。,413,"Малые культуры часто исчезают, не оставив соответствующих исторических свидетельств, и поэтому не могут быть признаны в качестве подлинных цивилизаций.",ok,zh-CN,1386.5046000028087,小的文化往往消失 ， 没有留下适当的历史证据 ， 因此不能被认为是真正的文明。,18.02666166756795,418.6535000008007
,ru,0.02857142857142857,648.7658999976702,ocr_translation,tencent:腾讯云翻译:default,"Целые 20 процентов воды, г поступаемой из рек нашей планеты в океаны, і, текут из Амазонки.",亚马逊河占全世界所有河流的入海流量的 20%。,627,"Целые 20 процентов воды, поступаемой из рек нашей планеты в океаны, текут из Амазонки.",ok,zh-CN,1042.4622999998974,我们地球上河流流入海洋的水有 20% 来自亚马逊河流。,14.80559820132192,393.69640000222716
,ru,0.04081632653061224,934.3287000010605,ocr_translation,tencent:腾讯云翻译:default,"Данный рород сильно отличается от других городов страны, так kak в нем преобладает арабский колорит, а не африканский.",这座城市与该国其他城市形成了鲜明对比，因为它更多的是阿拉伯风格，而不是非洲风格。,721,"Данный город сильно отличается от других городов страны, так как в нем преобладает арабский колорит, а не африканский.",ok,zh-CN,1310.6222999995225,这个地区与该国其他城市有很大的不同 ， 所以卡克主要是阿拉伯色彩 ， 而不是非洲色彩。,23.181879061248647,376.293599998462
,ru,0.06015037593984962,966.069800000696,ocr_translation,tencent:腾讯云翻译:default,"Помните, что даже если Г музыка на главных с сценах, может уже з закончится, на фестивале г могут быть участки, на а которых будут г продолжать и играть м музыку до поздней ночи.",记住，虽然主舞台上的音乐可能已经结束，但节日的其他部分可能会一直演奏音乐到深夜。,795,"Помните, что даже если музыка на главных сценах, может уже закончится, на фестивале могут быть участки, на которых будут продолжать играть музыку до поздней ночи.",ok,zh-CN,1518.9351000008173,请记住 ， 即使 G 音乐在主要的舞台上 ， 可能已经结束了 ， 在节日 G 可能会有部分 ， A 将继续播放 M 音乐 ， 直到深夜。,22.52376910815396,552.8653000001214
,ru,0.0,569.7037999998429,ocr_translation,tencent:腾讯云翻译:default,"Земля Элсуэрта — область к югу от Антарктического полуострова, омываемая морем Беллинсгаузена.",埃尔斯沃思地 (Ellsworth Land) 位于该半岛的南部，面朝别林斯高晋海 (Bellingshausen Sea)。,906,"Земля Элсуэрта — область к югу от Антарктического полуострова, омываемая морем Беллинсгаузена.",ok,zh-CN,818.4189999992668,埃尔苏厄特地是南极半岛以南的地区 ， 被贝林斯豪森海冲刷。,3.6339645422209528,248.71519999942393
,ru,0.00847457627118644,906.5140999991854,ocr_translation,tencent:腾讯云翻译:default,"Удостоверьтесь, что автобус, в который Вы собираетесь сесть, направляется в Хеврон, a не только в близлежащее еврейское поселение Кирьят-Арба.",请确认你打算乘坐的公交车将会进入希伯伦，而不仅仅是去附近的基亚特·阿巴 (Kiryat Arba) 犹太定居点。,993,"Удостоверьтесь, что автобус, в который Вы собираетесь сесть, направляется в Хеврон, а не только в близлежащее еврейское поселение  Кирьят-Арба.",ok,zh-CN,1380.9957999983453,请确保您要乘坐的巴士是开往希伯伦的 ， 而不仅仅是开往附近的犹太定居点 Kiryat-Arba 。,22.45126185693286,474.4816999991599
